{
  "image_id": "kodim04",
  "filename": "kodim04.png",
  "dimensions": {
    "width": 512,
    "height": 768
  },
  "bit_depth": 24,
  "pixels": 393216,
  "rgb_channel_statistics": {
    "R": {
      "mean": 131.89,
      "std": 34.39,
      "min": 0,
      "max": 255
    },
    "G": {
      "mean": 84.13,
      "std": 43.76,
      "min": 0,
      "max": 255
    },
    "B": {
      "mean": 78.38,
      "std": 45.3,
      "min": 0,
      "max": 255
    }
  },
  "rgb_pairwise_correlations": {
    "R_G": 0.600446,
    "R_B": 0.684965,
    "G_B": 0.956832,
    "avg_abs_r": 0.747414
  },
  "pca_decomposition": {
    "covariance_matrix": [
      [
        1182.5388,
        903.5425,
        1067.1069
      ],
      [
        903.5425,
        1914.8484,
        1896.8578
      ],
      [
        1067.1069,
        1896.8578,
        2052.4069
      ]
    ],
    "eigenvalues": [
      4473.6423,
      604.2539,
      71.8979
    ],
    "eigenvectors": [
      [
        -0.390511,
        -0.633244,
        -0.668209
      ],
      [
        -0.908487,
        0.382435,
        0.16851
      ],
      [
        -0.148838,
        -0.672864,
        0.724639
      ]
    ],
    "variance_explained_pct": [
      86.87,
      11.73,
      1.4
    ],
    "condition_number": 62.22,
    "blue_independence_pct": 2.7,
    "pc1_dominant": "B (0.67)",
    "eigenvalue_ratios": {
      "pc1_pc2": 7.4,
      "pc2_pc3": 8.4
    }
  },
  "dimensionality_tier": "Weakly one-dimensional",
  "ycbcr_channel_statistics": {
    "Y": {
      "mean": 97.75,
      "std": 37.89,
      "min": 0.0,
      "max": 255.0
    },
    "Cb": {
      "mean": 117.07,
      "std": 7.03,
      "min": 104.01,
      "max": 136.81
    },
    "Cr": {
      "mean": 152.35,
      "std": 17.58,
      "min": 98.46,
      "max": 208.27
    }
  },
  "ycbcr_residual_correlations": {
    "Y_Cb": 0.488011,
    "Y_Cr": -0.460854,
    "Cb_Cr": -0.550224,
    "avg_abs_r": 0.499696
  },
  "decorrelation_gap": {
    "Y_Cb": 0.488011,
    "Y_Cr": -0.460854,
    "Cb_Cr": -0.550224,
    "avg_abs_gap": 0.499696,
    "interpretation": "Residual correlation left by BT.601 fixed transform (KLT ceiling = 0.000000)"
  },
  "chroma_subsampling_420": {
    "psnr_overall_dB": 43.8,
    "psnr_per_channel_dB": {
      "R": 40.97,
      "G": 46.78,
      "B": 46.17
    },
    "method": "BT.601 RGB->YCbCr, 2x box downsample Cb/Cr, nearest upsample, BT.601 inverse",
    "interpretation": "Information loss from standard 4:2:0 chroma subsampling"
  },
  "methodology": {
    "pca_baseline": "Baetzel (2026) - Statistical Characterization of Inter-Channel Redundancy Structure",
    "ycbcr_transform": "ITU-R BT.601 fixed coefficients (JPEG standard)",
    "klt_ceiling": "Residual inter-channel correlation = 0.000000 by construction",
    "software": "Python 3, NumPy, Pillow",
    "computed_from": "Raw 8-bit RGB pixel values, no preprocessing"
  }
}